testing/image001_0, no
training/image001_1, no
validation/image001_2, yes
training/image001_3, no
training/image001_4, no
validation/image001_5, no
training/image001_6, no
testing/image001_7, no
testing/image001_8, no
training/image001_9, no
validation/image001_10, no
validation/image001_11, yes
validation/image001_12, no
training/image001_13, no
training/image001_14, no
validation/image001_15, no
testing/image001_16, yes
testing/image001_17, yes
testing/image001_18, yes
testing/image001_19, no
testing/image001_20, no
training/image001_21, no
testing/image001_22, no
testing/image001_23, no
training/image001_24, no
validation/image001_25, yes
training/image001_26, yes
validation/image001_27, no
training/image001_28, no
training/image001_29, yes
training/image001_30, no
testing/image001_31, no
testing/image001_32, no
training/image001_33, no
training/image001_34, no
testing/image001_35, no
training/image001_36, no
training/image001_37, no
training/image001_38, no
testing/image001_39, no
testing/image001_40, no
training/image001_41, no
testing/image002_0, no
training/image002_1, no
training/image002_2, no
testing/image002_3, no
training/image002_4, no
validation/image002_5, no
testing/image002_6, no
validation/image002_7, no
validation/image002_8, no
testing/image002_9, yes
training/image002_10, no
training/image002_11, yes
training/image002_12, no
testing/image002_13, no
training/image002_14, no
validation/image002_15, no
validation/image002_16, no
training/image002_17, no
training/image002_18, yes
training/image002_19, yes
training/image002_20, no
testing/image002_21, no
testing/image002_22, no
validation/image002_23, yes
testing/image002_24, yes
validation/image002_25, yes
validation/image002_26, no
testing/image002_27, no
testing/image002_28, no
validation/image002_29, no
validation/image002_30, no
training/image002_31, no
validation/image002_32, no
training/image002_33, no
testing/image002_34, no
validation/image002_35, no
validation/image002_36, no
training/image002_37, no
training/image002_38, no
validation/image002_39, no
testing/image002_40, no
testing/image002_41, no
validation/image003_0, no
training/image003_1, yes
training/image003_2, yes
validation/image003_3, yes
validation/image003_4, no
training/image003_5, yes
testing/image003_6, no
training/image003_7, no
training/image003_8, yes
validation/image003_9, no
training/image003_10, yes
testing/image003_11, no
validation/image003_12, yes
testing/image003_13, no
training/image003_14, no
validation/image003_15, yes
validation/image003_16, no
testing/image003_17, no
validation/image003_18, no
testing/image003_19, no
training/image003_20, no
validation/image003_21, no
testing/image003_22, yes
validation/image003_23, yes
testing/image003_24, yes
testing/image003_25, yes
validation/image003_26, yes
training/image003_27, no
validation/image003_28, no
testing/image003_29, yes
testing/image003_30, yes
validation/image003_31, yes
validation/image003_32, no
training/image003_33, yes
training/image003_34, no
testing/image003_35, no
testing/image003_36, no
training/image003_37, no
training/image003_38, no
training/image003_39, no
validation/image003_40, no
testing/image003_41, no
testing/image004_0, no
validation/image004_1, yes
training/image004_2, yes
validation/image004_3, no
validation/image004_4, yes
testing/image004_5, yes
testing/image004_6, no
testing/image004_7, yes
testing/image004_8, no
validation/image004_9, no
validation/image004_10, no
training/image004_11, yes
testing/image004_12, yes
validation/image004_13, no
training/image004_14, no
testing/image004_15, no
validation/image004_16, no
validation/image004_17, no
validation/image004_18, no
testing/image004_19, no
validation/image004_20, no
testing/image004_21, no
validation/image004_22, no
training/image004_23, yes
testing/image004_24, no
testing/image004_25, no
testing/image004_26, yes
training/image004_27, yes
validation/image004_28, no
training/image004_29, no
training/image004_30, no
testing/image004_31, no
validation/image004_32, yes
validation/image004_33, no
training/image004_34, no
testing/image004_35, no
testing/image004_36, no
validation/image004_37, no
training/image004_38, no
testing/image004_39, no
training/image004_40, no
testing/image004_41, no
training/image005_0, yes
validation/image005_1, yes
validation/image005_2, yes
validation/image005_3, yes
validation/image005_4, yes
testing/image005_5, yes
training/image005_6, no
validation/image005_7, no
testing/image005_8, yes
testing/image005_9, no
testing/image005_10, yes
validation/image005_11, no
validation/image005_12, no
training/image005_13, no
testing/image005_14, yes
validation/image005_15, no
training/image005_16, yes
testing/image005_17, yes
testing/image005_18, yes
testing/image005_19, yes
training/image005_20, no
training/image005_21, yes
training/image005_22, no
training/image005_23, yes
training/image005_24, yes
validation/image005_25, yes
validation/image005_26, yes
validation/image005_27, no
training/image005_28, no
testing/image005_29, yes
training/image005_30, no
training/image005_31, yes
training/image005_32, yes
training/image005_33, no
training/image005_34, no
training/image005_35, no
testing/image005_36, no
validation/image005_37, no
training/image005_38, yes
validation/image005_39, no
validation/image005_40, no
testing/image005_41, no
testing/image006_0, no
validation/image006_1, no
training/image006_2, yes
validation/image006_3, yes
validation/image006_4, no
training/image006_5, yes
testing/image006_6, no
training/image006_7, no
testing/image006_8, no
training/image006_9, no
validation/image006_10, yes
training/image006_11, yes
testing/image006_12, no
validation/image006_13, no
validation/image006_14, no
training/image006_15, no
testing/image006_16, no
validation/image006_17, no
validation/image006_18, yes
testing/image006_19, yes
training/image006_20, no
training/image006_21, no
testing/image006_22, no
training/image006_23, no
training/image006_24, no
training/image006_25, no
testing/image006_26, yes
validation/image006_27, no
testing/image006_28, no
training/image006_29, no
training/image006_30, yes
testing/image006_31, no
testing/image006_32, no
training/image006_33, yes
testing/image006_34, no
validation/image006_35, no
testing/image006_36, no
training/image006_37, no
validation/image006_38, no
testing/image006_39, no
validation/image006_40, no
testing/image006_41, no
training/image007_0, no
training/image007_1, yes
testing/image007_2, yes
testing/image007_3, no
testing/image007_4, yes
validation/image007_5, yes
testing/image007_6, no
validation/image007_7, yes
validation/image007_8, yes
training/image007_9, yes
validation/image007_10, yes
training/image007_11, no
testing/image007_12, no
training/image007_13, no
testing/image007_14, yes
testing/image007_15, yes
training/image007_16, yes
training/image007_17, yes
validation/image007_18, no
validation/image007_19, no
testing/image007_20, no
validation/image007_21, yes
validation/image007_22, yes
validation/image007_23, yes
validation/image007_24, no
validation/image007_25, no
testing/image007_26, yes
testing/image007_27, yes
testing/image007_28, no
validation/image007_29, yes
training/image007_30, yes
training/image007_31, yes
validation/image007_32, yes
training/image007_33, yes
training/image007_34, no
testing/image007_35, no
training/image007_36, no
validation/image007_37, yes
training/image007_38, no
training/image007_39, no
testing/image007_40, no
testing/image007_41, no
testing/image008_0, no
validation/image008_1, yes
training/image008_2, yes
validation/image008_3, yes
training/image008_4, yes
validation/image008_5, no
testing/image008_6, no
training/image008_7, yes
validation/image008_8, no
testing/image008_9, no
training/image008_10, yes
testing/image008_11, yes
training/image008_12, yes
testing/image008_13, no
validation/image008_14, no
testing/image008_15, no
testing/image008_16, yes
validation/image008_17, no
training/image008_18, yes
testing/image008_19, yes
testing/image008_20, no
testing/image008_21, yes
training/image008_22, no
training/image008_23, yes
testing/image008_24, yes
validation/image008_25, yes
validation/image008_26, yes
validation/image008_27, no
training/image008_28, yes
training/image008_29, yes
training/image008_30, no
validation/image008_31, no
training/image008_32, no
training/image008_33, yes
validation/image008_34, no
validation/image008_35, no
validation/image008_36, no
validation/image008_37, no
testing/image008_38, no
validation/image008_39, no
training/image008_40, no
training/image008_41, no
training/image009_0, no
validation/image009_1, no
testing/image009_2, no
training/image009_3, no
testing/image009_4, no
testing/image009_5, no
validation/image009_6, no
training/image009_7, yes
validation/image009_8, no
training/image009_9, no
training/image009_10, no
testing/image009_11, no
training/image009_12, no
training/image009_13, no
validation/image009_14, yes
training/image009_15, no
validation/image009_16, no
testing/image009_17, yes
training/image009_18, yes
testing/image009_19, no
training/image009_20, no
validation/image009_21, no
testing/image009_22, no
testing/image009_23, no
testing/image009_24, yes
testing/image009_25, yes
testing/image009_26, yes
training/image009_27, no
training/image009_28, no
validation/image009_29, yes
validation/image009_30, no
training/image009_31, yes
validation/image009_32, no
validation/image009_33, no
training/image009_34, no
testing/image009_35, no
validation/image009_36, no
training/image009_37, no
validation/image009_38, no
validation/image009_39, no
training/image009_40, no
validation/image009_41, no
testing/image010_0, no
training/image010_1, no
training/image010_2, no
training/image010_3, no
testing/image010_4, no
validation/image010_5, no
testing/image010_6, no
testing/image010_7, no
training/image010_8, yes
testing/image010_9, yes
training/image010_10, yes
testing/image010_11, no
testing/image010_12, yes
validation/image010_13, no
validation/image010_14, yes
testing/image010_15, yes
testing/image010_16, yes
testing/image010_17, yes
testing/image010_18, yes
training/image010_19, no
testing/image010_20, yes
testing/image010_21, yes
validation/image010_22, yes
testing/image010_23, yes
training/image010_24, yes
training/image010_25, yes
training/image010_26, yes
validation/image010_27, yes
training/image010_28, no
validation/image010_29, yes
validation/image010_30, yes
validation/image010_31, yes
testing/image010_32, yes
testing/image010_33, yes
validation/image010_34, no
validation/image010_35, no
validation/image010_36, no
training/image010_37, no
testing/image010_38, no
testing/image010_39, no
training/image010_40, no
testing/image010_41, no
testing/image011_0, no
training/image011_1, yes
validation/image011_2, yes
validation/image011_3, yes
validation/image011_4, no
validation/image011_5, yes
validation/image011_6, no
training/image011_7, yes
testing/image011_8, no
testing/image011_9, yes
validation/image011_10, yes
training/image011_11, yes
training/image011_12, no
training/image011_13, no
validation/image011_14, no
testing/image011_15, yes
testing/image011_16, yes
training/image011_17, yes
validation/image011_18, yes
training/image011_19, yes
testing/image011_20, no
validation/image011_21, no
validation/image011_22, yes
testing/image011_23, yes
training/image011_24, yes
testing/image011_25, yes
validation/image011_26, yes
testing/image011_27, no
validation/image011_28, no
validation/image011_29, yes
validation/image011_30, yes
testing/image011_31, yes
validation/image011_32, yes
validation/image011_33, yes
validation/image011_34, no
testing/image011_35, no
training/image011_36, no
testing/image011_37, no
training/image011_38, no
training/image011_39, no
training/image011_40, no
training/image011_41, no
training/image012_0, no
testing/image012_1, no
testing/image012_2, no
training/image012_3, no
training/image012_4, yes
testing/image012_5, no
validation/image012_6, no
testing/image012_7, no
testing/image012_8, no
validation/image012_9, no
validation/image012_10, no
training/image012_11, no
testing/image012_12, no
validation/image012_13, no
training/image012_14, no
testing/image012_15, no
validation/image012_16, no
validation/image012_17, yes
testing/image012_18, yes
validation/image012_19, no
validation/image012_20, no
validation/image012_21, no
testing/image012_22, no
testing/image012_23, no
validation/image012_24, yes
validation/image012_25, yes
training/image012_26, yes
testing/image012_27, no
testing/image012_28, no
validation/image012_29, no
training/image012_30, no
testing/image012_31, no
validation/image012_32, no
training/image012_33, yes
training/image012_34, no
validation/image012_35, no
training/image012_36, no
training/image012_37, no
validation/image012_38, no
validation/image012_39, no
training/image012_40, no
validation/image012_41, no
validation/image013_0, no
validation/image013_1, yes
testing/image013_2, yes
testing/image013_3, no
training/image013_4, yes
validation/image013_5, yes
validation/image013_6, no
training/image013_7, no
validation/image013_8, yes
validation/image013_9, yes
validation/image013_10, no
testing/image013_11, no
testing/image013_12, yes
testing/image013_13, no
training/image013_14, yes
validation/image013_15, no
validation/image013_16, yes
validation/image013_17, yes
testing/image013_18, no
validation/image013_19, yes
testing/image013_20, no
validation/image013_21, no
testing/image013_22, no
validation/image013_23, no
validation/image013_24, no
validation/image013_25, yes
training/image013_26, no
validation/image013_27, no
testing/image013_28, no
validation/image013_29, yes
validation/image013_30, no
training/image013_31, yes
training/image013_32, yes
testing/image013_33, no
training/image013_34, no
training/image013_35, no
testing/image013_36, no
training/image013_37, no
validation/image013_38, no
testing/image013_39, yes
validation/image013_40, no
testing/image013_41, no
validation/image014_0, no
training/image014_1, yes
testing/image014_2, yes
validation/image014_3, yes
training/image014_4, yes
validation/image014_5, no
validation/image014_6, no
testing/image014_7, yes
training/image014_8, yes
validation/image014_9, no
training/image014_10, yes
validation/image014_11, no
training/image014_12, yes
training/image014_13, no
training/image014_14, yes
training/image014_15, yes
testing/image014_16, yes
validation/image014_17, yes
testing/image014_18, no
validation/image014_19, no
validation/image014_20, no
training/image014_21, yes
validation/image014_22, yes
testing/image014_23, yes
training/image014_24, yes
validation/image014_25, yes
validation/image014_26, no
testing/image014_27, no
validation/image014_28, yes
validation/image014_29, yes
testing/image014_30, yes
testing/image014_31, no
testing/image014_32, yes
training/image014_33, no
training/image014_34, no
testing/image014_35, no
training/image014_36, no
testing/image014_37, no
testing/image014_38, no
training/image014_39, no
testing/image014_40, no
training/image014_41, no
testing/image015_0, no
validation/image015_1, yes
training/image015_2, yes
validation/image015_3, yes
training/image015_4, yes
testing/image015_5, no
validation/image015_6, no
validation/image015_7, no
testing/image015_8, yes
testing/image015_9, yes
testing/image015_10, yes
training/image015_11, yes
validation/image015_12, yes
testing/image015_13, no
training/image015_14, yes
testing/image015_15, no
validation/image015_16, no
training/image015_17, yes
training/image015_18, yes
testing/image015_19, yes
testing/image015_20, no
validation/image015_21, yes
training/image015_22, yes
validation/image015_23, no
training/image015_24, yes
validation/image015_25, yes
testing/image015_26, no
validation/image015_27, no
testing/image015_28, no
training/image015_29, yes
validation/image015_30, no
testing/image015_31, no
training/image015_32, yes
validation/image015_33, no
training/image015_34, no
training/image015_35, no
testing/image015_36, no
validation/image015_37, no
training/image015_38, no
validation/image015_39, no
training/image015_40, no
testing/image015_41, no
testing/image016_0, no
testing/image016_1, yes
validation/image016_2, yes
validation/image016_3, no
testing/image016_4, yes
validation/image016_5, yes
testing/image016_6, no
training/image016_7, yes
training/image016_8, yes
testing/image016_9, yes
validation/image016_10, yes
validation/image016_11, yes
training/image016_12, yes
training/image016_13, yes
validation/image016_14, no
validation/image016_15, yes
validation/image016_16, yes
testing/image016_17, yes
validation/image016_18, yes
training/image016_19, yes
testing/image016_20, no
validation/image016_21, no
training/image016_22, no
validation/image016_23, yes
testing/image016_24, yes
testing/image016_25, no
testing/image016_26, no
training/image016_27, no
testing/image016_28, no
validation/image016_29, no
training/image016_30, no
validation/image016_31, no
testing/image016_32, no
validation/image016_33, yes
training/image016_34, no
validation/image016_35, no
testing/image016_36, no
training/image016_37, no
training/image016_38, no
testing/image016_39, no
training/image016_40, no
testing/image016_41, no
validation/image017_0, no
validation/image017_1, no
training/image017_2, yes
testing/image017_3, no
testing/image017_4, yes
validation/image017_5, no
testing/image017_6, no
testing/image017_7, no
validation/image017_8, no
training/image017_9, no
training/image017_10, yes
validation/image017_11, no
training/image017_12, no
training/image017_13, no
training/image017_14, no
training/image017_15, no
training/image017_16, no
testing/image017_17, no
training/image017_18, no
training/image017_19, yes
training/image017_20, no
validation/image017_21, no
training/image017_22, no
validation/image017_23, yes
validation/image017_24, no
testing/image017_25, no
testing/image017_26, no
testing/image017_27, no
testing/image017_28, no
training/image017_29, no
training/image017_30, no
validation/image017_31, no
training/image017_32, yes
validation/image017_33, no
training/image017_34, no
training/image017_35, no
testing/image017_36, no
testing/image017_37, no
testing/image017_38, no
training/image017_39, no
testing/image017_40, no
validation/image017_41, no
validation/image018_0, no
validation/image018_1, no
training/image018_2, no
testing/image018_3, no
validation/image018_4, yes
training/image018_5, yes
validation/image018_6, no
training/image018_7, no
testing/image018_8, yes
testing/image018_9, no
testing/image018_10, no
training/image018_11, no
testing/image018_12, no
validation/image018_13, no
testing/image018_14, no
validation/image018_15, yes
training/image018_16, no
testing/image018_17, no
testing/image018_18, yes
training/image018_19, yes
validation/image018_20, no
testing/image018_21, no
validation/image018_22, yes
training/image018_23, no
validation/image018_24, yes
testing/image018_25, yes
testing/image018_26, no
testing/image018_27, no
testing/image018_28, no
training/image018_29, no
training/image018_30, no
validation/image018_31, no
validation/image018_32, yes
training/image018_33, no
testing/image018_34, no
training/image018_35, no
testing/image018_36, no
training/image018_37, no
training/image018_38, no
validation/image018_39, no
training/image018_40, no
testing/image018_41, no
validation/image019_0, yes
testing/image019_1, yes
validation/image019_2, yes
validation/image019_3, yes
training/image019_4, yes
training/image019_5, yes
training/image019_6, no
training/image019_7, no
testing/image019_8, yes
training/image019_9, yes
validation/image019_10, yes
validation/image019_11, no
testing/image019_12, yes
validation/image019_13, no
training/image019_14, yes
testing/image019_15, yes
validation/image019_16, yes
testing/image019_17, yes
training/image019_18, no
validation/image019_19, no
training/image019_20, no
validation/image019_21, yes
training/image019_22, yes
testing/image019_23, yes
validation/image019_24, yes
validation/image019_25, no
training/image019_26, no
training/image019_27, no
testing/image019_28, no
testing/image019_29, yes
testing/image019_30, yes
training/image019_31, yes
training/image019_32, yes
validation/image019_33, no
testing/image019_34, no
testing/image019_35, no
testing/image019_36, no
training/image019_37, no
validation/image019_38, no
training/image019_39, yes
validation/image019_40, no
validation/image019_41, no
testing/image020_0, no
testing/image020_1, yes
testing/image020_2, yes
testing/image020_3, yes
validation/image020_4, yes
testing/image020_5, yes
testing/image020_6, no
training/image020_7, yes
validation/image020_8, yes
training/image020_9, yes
validation/image020_10, yes
training/image020_11, yes
training/image020_12, yes
testing/image020_13, yes
validation/image020_14, yes
validation/image020_15, yes
training/image020_16, yes
validation/image020_17, yes
training/image020_18, yes
training/image020_19, no
training/image020_20, no
validation/image020_21, no
validation/image020_22, yes
testing/image020_23, yes
testing/image020_24, yes
training/image020_25, yes
validation/image020_26, yes
validation/image020_27, no
testing/image020_28, yes
validation/image020_29, yes
validation/image020_30, yes
validation/image020_31, yes
training/image020_32, yes
training/image020_33, yes
training/image020_34, no
validation/image020_35, no
testing/image020_36, no
testing/image020_37, yes
validation/image020_38, yes
training/image020_39, no
validation/image020_40, no
testing/image020_41, no
validation/image021_0, no
validation/image021_1, yes
training/image021_2, yes
training/image021_3, yes
training/image021_4, yes
testing/image021_5, yes
training/image021_6, no
training/image021_7, yes
testing/image021_8, yes
testing/image021_9, yes
testing/image021_10, yes
validation/image021_11, yes
testing/image021_12, yes
validation/image021_13, no
training/image021_14, yes
validation/image021_15, no
testing/image021_16, yes
testing/image021_17, yes
training/image021_18, yes
validation/image021_19, yes
validation/image021_20, no
validation/image021_21, yes
training/image021_22, yes
training/image021_23, yes
validation/image021_24, yes
training/image021_25, no
validation/image021_26, no
testing/image021_27, no
testing/image021_28, yes
validation/image021_29, yes
validation/image021_30, yes
validation/image021_31, yes
validation/image021_32, yes
testing/image021_33, yes
training/image021_34, no
validation/image021_35, no
testing/image021_36, no
training/image021_37, no
training/image021_38, yes
validation/image021_39, no
testing/image021_40, no
testing/image021_41, no
training/image022_0, no
training/image022_1, no
testing/image022_2, yes
testing/image022_3, yes
validation/image022_4, yes
validation/image022_5, no
validation/image022_6, no
testing/image022_7, no
training/image022_8, no
training/image022_9, yes
training/image022_10, yes
training/image022_11, yes
testing/image022_12, no
training/image022_13, no
training/image022_14, no
testing/image022_15, no
training/image022_16, yes
validation/image022_17, yes
testing/image022_18, no
testing/image022_19, yes
testing/image022_20, no
training/image022_21, yes
training/image022_22, yes
validation/image022_23, yes
testing/image022_24, yes
validation/image022_25, yes
testing/image022_26, yes
testing/image022_27, no
training/image022_28, no
validation/image022_29, yes
testing/image022_30, yes
testing/image022_31, yes
testing/image022_32, yes
testing/image022_33, yes
testing/image022_34, no
training/image022_35, no
training/image022_36, no
validation/image022_37, yes
validation/image022_38, no
testing/image022_39, no
validation/image022_40, no
training/image022_41, no
validation/image023_0, no
validation/image023_1, yes
testing/image023_2, no
training/image023_3, no
testing/image023_4, yes
training/image023_5, no
training/image023_6, no
training/image023_7, no
training/image023_8, yes
validation/image023_9, yes
validation/image023_10, no
validation/image023_11, no
testing/image023_12, no
training/image023_13, no
training/image023_14, yes
validation/image023_15, yes
testing/image023_16, no
training/image023_17, yes
validation/image023_18, no
training/image023_19, no
testing/image023_20, no
training/image023_21, yes
validation/image023_22, no
validation/image023_23, yes
validation/image023_24, no
testing/image023_25, no
testing/image023_26, no
training/image023_27, no
testing/image023_28, no
training/image023_29, no
training/image023_30, yes
validation/image023_31, no
testing/image023_32, no
training/image023_33, no
training/image023_34, no
testing/image023_35, no
validation/image023_36, no
training/image023_37, no
testing/image023_38, no
training/image023_39, no
validation/image023_40, no
validation/image023_41, no
training/image024_0, no
testing/image024_1, yes
training/image024_2, yes
validation/image024_3, yes
training/image024_4, yes
testing/image024_5, yes
testing/image024_6, no
testing/image024_7, no
validation/image024_8, yes
training/image024_9, no
validation/image024_10, yes
validation/image024_11, yes
testing/image024_12, no
training/image024_13, no
training/image024_14, no
validation/image024_15, no
validation/image024_16, no
validation/image024_17, yes
testing/image024_18, no
training/image024_19, no
testing/image024_20, no
validation/image024_21, no
testing/image024_22, no
validation/image024_23, no
training/image024_24, no
training/image024_25, yes
validation/image024_26, no
training/image024_27, no
testing/image024_28, no
training/image024_29, no
training/image024_30, no
testing/image024_31, yes
training/image024_32, yes
validation/image024_33, yes
validation/image024_34, no
validation/image024_35, no
testing/image024_36, no
training/image024_37, no
validation/image024_38, no
testing/image024_39, no
testing/image024_40, no
validation/image024_41, no
validation/image025_0, no
testing/image025_1, no
validation/image025_2, yes
training/image025_3, yes
validation/image025_4, yes
validation/image025_5, no
testing/image025_6, no
testing/image025_7, no
testing/image025_8, yes
testing/image025_9, yes
training/image025_10, yes
training/image025_11, yes
training/image025_12, no
training/image025_13, no
training/image025_14, no
training/image025_15, yes
validation/image025_16, no
training/image025_17, yes
training/image025_18, no
testing/image025_19, no
validation/image025_20, no
testing/image025_21, yes
validation/image025_22, yes
validation/image025_23, yes
validation/image025_24, yes
validation/image025_25, yes
training/image025_26, no
training/image025_27, no
validation/image025_28, no
validation/image025_29, no
validation/image025_30, yes
testing/image025_31, yes
testing/image025_32, yes
training/image025_33, no
training/image025_34, no
validation/image025_35, no
training/image025_36, no
validation/image025_37, no
testing/image025_38, no
training/image025_39, no
training/image025_40, no
validation/image025_41, no
training/image026_0, yes
validation/image026_1, yes
training/image026_2, yes
testing/image026_3, no
validation/image026_4, no
validation/image026_5, no
validation/image026_6, no
training/image026_7, yes
testing/image026_8, yes
testing/image026_9, yes
training/image026_10, no
validation/image026_11, yes
testing/image026_12, no
training/image026_13, no
training/image026_14, yes
validation/image026_15, no
training/image026_16, no
training/image026_17, yes
validation/image026_18, yes
training/image026_19, no
testing/image026_20, no
validation/image026_21, yes
testing/image026_22, yes
validation/image026_23, yes
validation/image026_24, no
validation/image026_25, no
testing/image026_26, no
validation/image026_27, no
training/image026_28, no
validation/image026_29, no
training/image026_30, no
testing/image026_31, no
validation/image026_32, yes
validation/image026_33, no
training/image026_34, no
testing/image026_35, no
validation/image026_36, no
training/image026_37, no
validation/image026_38, no
training/image026_39, no
training/image026_40, no
training/image026_41, no
training/image027_0, no
training/image027_1, no
training/image027_2, no
training/image027_3, no
testing/image027_4, no
testing/image027_5, no
testing/image027_6, no
validation/image027_7, no
validation/image027_8, yes
testing/image027_9, no
validation/image027_10, yes
training/image027_11, no
training/image027_12, no
validation/image027_13, no
training/image027_14, no
validation/image027_15, no
validation/image027_16, no
testing/image027_17, yes
testing/image027_18, yes
validation/image027_19, yes
training/image027_20, no
validation/image027_21, no
testing/image027_22, no
validation/image027_23, no
training/image027_24, no
training/image027_25, no
testing/image027_26, no
testing/image027_27, no
validation/image027_28, no
training/image027_29, no
validation/image027_30, no
training/image027_31, yes
testing/image027_32, no
training/image027_33, yes
training/image027_34, no
testing/image027_35, no
validation/image027_36, no
testing/image027_37, no
validation/image027_38, no
validation/image027_39, no
testing/image027_40, no
testing/image027_41, no
validation/image028_0, no
testing/image028_1, no
testing/image028_2, no
testing/image028_3, no
testing/image028_4, no
training/image028_5, no
testing/image028_6, no
training/image028_7, no
testing/image028_8, no
training/image028_9, no
training/image028_10, no
validation/image028_11, no
training/image028_12, no
validation/image028_13, no
training/image028_14, no
testing/image028_15, no
training/image028_16, no
validation/image028_17, no
testing/image028_18, yes
training/image028_19, no
training/image028_20, no
validation/image028_21, no
testing/image028_22, no
validation/image028_23, no
testing/image028_24, no
training/image028_25, no
training/image028_26, no
testing/image028_27, no
training/image028_28, no
testing/image028_29, no
validation/image028_30, no
training/image028_31, no
training/image028_32, no
validation/image028_33, no
validation/image028_34, no
testing/image028_35, no
validation/image028_36, no
training/image028_37, no
training/image028_38, no
training/image028_39, no
validation/image028_40, no
training/image028_41, no
validation/image029_0, no
training/image029_1, no
testing/image029_2, yes
testing/image029_3, no
validation/image029_4, yes
validation/image029_5, no
validation/image029_6, no
validation/image029_7, no
training/image029_8, no
training/image029_9, no
testing/image029_10, yes
testing/image029_11, yes
training/image029_12, no
testing/image029_13, no
testing/image029_14, no
validation/image029_15, no
testing/image029_16, yes
validation/image029_17, no
validation/image029_18, no
training/image029_19, no
testing/image029_20, no
validation/image029_21, no
validation/image029_22, no
validation/image029_23, no
validation/image029_24, no
testing/image029_25, no
validation/image029_26, no
testing/image029_27, no
training/image029_28, no
training/image029_29, no
validation/image029_30, yes
training/image029_31, no
testing/image029_32, no
training/image029_33, no
testing/image029_34, no
training/image029_35, no
training/image029_36, no
validation/image029_37, no
training/image029_38, no
validation/image029_39, no
testing/image029_40, no
training/image029_41, no
validation/image030_0, no
validation/image030_1, no
training/image030_2, no
training/image030_3, no
testing/image030_4, no
training/image030_5, no
testing/image030_6, no
validation/image030_7, no
testing/image030_8, no
training/image030_9, no
validation/image030_10, no
validation/image030_11, no
validation/image030_12, no
testing/image030_13, no
validation/image030_14, no
training/image030_15, no
testing/image030_16, no
validation/image030_17, no
validation/image030_18, no
training/image030_19, no
validation/image030_20, no
testing/image030_21, no
testing/image030_22, no
training/image030_23, no
validation/image030_24, no
validation/image030_25, no
training/image030_26, no
training/image030_27, no
validation/image030_28, no
validation/image030_29, no
validation/image030_30, no
training/image030_31, no
training/image030_32, no
training/image030_33, no
training/image030_34, no
testing/image030_35, no
validation/image030_36, no
testing/image030_37, no
validation/image030_38, no
training/image030_39, no
testing/image030_40, no
testing/image030_41, no
training/image031_0, no
training/image031_1, no
testing/image031_2, no
validation/image031_3, no
training/image031_4, no
testing/image031_5, no
validation/image031_6, no
training/image031_7, no
training/image031_8, no
validation/image031_9, no
validation/image031_10, no
training/image031_11, no
training/image031_12, no
validation/image031_13, no
training/image031_14, no
validation/image031_15, no
testing/image031_16, no
validation/image031_17, no
validation/image031_18, no
training/image031_19, no
testing/image031_20, no
training/image031_21, no
validation/image031_22, no
testing/image031_23, no
training/image031_24, no
validation/image031_25, no
validation/image031_26, no
training/image031_27, no
testing/image031_28, no
testing/image031_29, no
training/image031_30, no
training/image031_31, no
training/image031_32, no
validation/image031_33, no
validation/image031_34, no
validation/image031_35, no
training/image031_36, no
training/image031_37, no
testing/image031_38, no
testing/image031_39, no
training/image031_40, no
training/image031_41, no
testing/image032_0, no
validation/image032_1, no
testing/image032_2, no
training/image032_3, no
training/image032_4, no
training/image032_5, no
validation/image032_6, no
validation/image032_7, no
testing/image032_8, no
training/image032_9, no
validation/image032_10, no
testing/image032_11, no
validation/image032_12, no
training/image032_13, no
testing/image032_14, no
testing/image032_15, yes
testing/image032_16, no
validation/image032_17, no
testing/image032_18, no
testing/image032_19, no
training/image032_20, no
validation/image032_21, no
validation/image032_22, no
validation/image032_23, no
validation/image032_24, no
testing/image032_25, no
validation/image032_26, no
validation/image032_27, no
training/image032_28, no
validation/image032_29, no
training/image032_30, no
testing/image032_31, no
training/image032_32, no
testing/image032_33, no
training/image032_34, no
testing/image032_35, no
training/image032_36, no
training/image032_37, no
testing/image032_38, no
training/image032_39, no
training/image032_40, no
training/image032_41, no
training/image033_0, no
validation/image033_1, no
training/image033_2, no
training/image033_3, no
validation/image033_4, no
testing/image033_5, no
training/image033_6, no
testing/image033_7, no
training/image033_8, no
testing/image033_9, no
validation/image033_10, no
validation/image033_11, no
training/image033_12, no
training/image033_13, no
validation/image033_14, no
testing/image033_15, no
validation/image033_16, no
training/image033_17, no
validation/image033_18, no
training/image033_19, no
validation/image033_20, no
validation/image033_21, no
training/image033_22, no
testing/image033_23, no
training/image033_24, no
validation/image033_25, no
validation/image033_26, no
validation/image033_27, no
training/image033_28, no
training/image033_29, no
training/image033_30, no
validation/image033_31, no
testing/image033_32, no
validation/image033_33, no
testing/image033_34, no
training/image033_35, no
validation/image033_36, no
training/image033_37, no
testing/image033_38, no
training/image033_39, no
validation/image033_40, no
testing/image033_41, no
validation/image034_0, no
training/image034_1, no
validation/image034_2, no
testing/image034_3, no
training/image034_4, no
validation/image034_5, no
testing/image034_6, no
training/image034_7, no
validation/image034_8, no
validation/image034_9, no
testing/image034_10, no
training/image034_11, no
training/image034_12, no
testing/image034_13, no
testing/image034_14, no
training/image034_15, no
testing/image034_16, no
testing/image034_17, no
testing/image034_18, no
testing/image034_19, no
validation/image034_20, no
training/image034_21, no
validation/image034_22, no
validation/image034_23, no
validation/image034_24, no
training/image034_25, no
training/image034_26, no
training/image034_27, no
validation/image034_28, no
training/image034_29, no
training/image034_30, no
validation/image034_31, no
testing/image034_32, no
training/image034_33, no
testing/image034_34, no
training/image034_35, no
validation/image034_36, no
training/image034_37, no
training/image034_38, no
testing/image034_39, no
validation/image034_40, no
training/image034_41, no
training/image035_0, no
training/image035_1, no
testing/image035_2, no
training/image035_3, yes
testing/image035_4, no
validation/image035_5, yes
validation/image035_6, no
testing/image035_7, no
testing/image035_8, no
validation/image035_9, no
testing/image035_10, no
validation/image035_11, no
training/image035_12, no
training/image035_13, no
validation/image035_14, no
validation/image035_15, yes
training/image035_16, no
testing/image035_17, no
training/image035_18, no
validation/image035_19, no
training/image035_20, no
validation/image035_21, no
training/image035_22, no
training/image035_23, no
training/image035_24, no
training/image035_25, no
training/image035_26, no
testing/image035_27, no
validation/image035_28, no
validation/image035_29, no
validation/image035_30, no
validation/image035_31, no
training/image035_32, no
training/image035_33, no
validation/image035_34, no
testing/image035_35, no
testing/image035_36, no
validation/image035_37, no
testing/image035_38, no
testing/image035_39, no
validation/image035_40, no
testing/image035_41, no
training/image036_0, no
training/image036_1, yes
training/image036_2, no
testing/image036_3, no
training/image036_4, no
testing/image036_5, yes
testing/image036_6, no
testing/image036_7, no
training/image036_8, no
validation/image036_9, no
validation/image036_10, no
validation/image036_11, yes
testing/image036_12, no
validation/image036_13, no
validation/image036_14, no
validation/image036_15, no
training/image036_16, no
testing/image036_17, no
validation/image036_18, no
testing/image036_19, no
training/image036_20, no
training/image036_21, no
validation/image036_22, no
testing/image036_23, no
testing/image036_24, no
validation/image036_25, no
testing/image036_26, no
testing/image036_27, no
testing/image036_28, no
testing/image036_29, no
testing/image036_30, no
validation/image036_31, no
validation/image036_32, no
testing/image036_33, no
testing/image036_34, no
testing/image036_35, no
testing/image036_36, no
validation/image036_37, no
validation/image036_38, no
training/image036_39, no
training/image036_40, no
testing/image036_41, no
validation/image037_0, no
testing/image037_1, no
training/image037_2, no
testing/image037_3, no
validation/image037_4, no
validation/image037_5, no
training/image037_6, no
testing/image037_7, no
testing/image037_8, no
validation/image037_9, no
training/image037_10, no
training/image037_11, no
validation/image037_12, no
training/image037_13, no
training/image037_14, no
testing/image037_15, no
testing/image037_16, no
testing/image037_17, no
testing/image037_18, no
training/image037_19, no
validation/image037_20, no
testing/image037_21, no
testing/image037_22, no
validation/image037_23, no
testing/image037_24, no
testing/image037_25, no
training/image037_26, no
training/image037_27, no
testing/image037_28, no
testing/image037_29, no
testing/image037_30, no
testing/image037_31, no
testing/image037_32, no
validation/image037_33, no
testing/image037_34, no
validation/image037_35, no
training/image037_36, no
validation/image037_37, no
training/image037_38, no
validation/image037_39, no
validation/image037_40, no
validation/image037_41, no
training/image038_0, no
training/image038_1, no
testing/image038_2, no
testing/image038_3, no
training/image038_4, no
training/image038_5, no
training/image038_6, no
training/image038_7, no
testing/image038_8, no
testing/image038_9, no
training/image038_10, no
testing/image038_11, no
training/image038_12, no
training/image038_13, no
validation/image038_14, no
training/image038_15, no
validation/image038_16, no
testing/image038_17, no
testing/image038_18, no
validation/image038_19, no
testing/image038_20, no
training/image038_21, no
validation/image038_22, no
training/image038_23, no
testing/image038_24, no
training/image038_25, no
testing/image038_26, no
validation/image038_27, no
training/image038_28, no
training/image038_29, no
validation/image038_30, no
training/image038_31, no
testing/image038_32, no
testing/image038_33, no
training/image038_34, no
validation/image038_35, no
training/image038_36, no
validation/image038_37, no
validation/image038_38, no
validation/image038_39, no
training/image038_40, no
validation/image038_41, no
testing/image039_0, no
validation/image039_1, no
training/image039_2, no
testing/image039_3, no
testing/image039_4, no
training/image039_5, no
validation/image039_6, no
training/image039_7, no
validation/image039_8, no
validation/image039_9, no
training/image039_10, no
testing/image039_11, no
training/image039_12, no
testing/image039_13, no
validation/image039_14, no
testing/image039_15, no
validation/image039_16, no
training/image039_17, no
testing/image039_18, no
validation/image039_19, no
testing/image039_20, no
testing/image039_21, no
training/image039_22, no
testing/image039_23, no
training/image039_24, no
training/image039_25, no
validation/image039_26, no
training/image039_27, no
training/image039_28, no
testing/image039_29, no
testing/image039_30, no
testing/image039_31, no
validation/image039_32, no
validation/image039_33, no
training/image039_34, no
testing/image039_35, no
training/image039_36, no
validation/image039_37, no
validation/image039_38, no
validation/image039_39, no
training/image039_40, no
training/image039_41, no
validation/image040_0, no
validation/image040_1, no
validation/image040_2, no
training/image040_3, no
validation/image040_4, no
training/image040_5, no
testing/image040_6, no
validation/image040_7, no
testing/image040_8, no
testing/image040_9, no
training/image040_10, no
testing/image040_11, no
validation/image040_12, no
testing/image040_13, no
testing/image040_14, no
validation/image040_15, no
training/image040_16, no
validation/image040_17, no
training/image040_18, no
testing/image040_19, no
training/image040_20, no
validation/image040_21, no
validation/image040_22, no
training/image040_23, no
validation/image040_24, no
validation/image040_25, no
training/image040_26, no
validation/image040_27, no
training/image040_28, no
validation/image040_29, no
testing/image040_30, no
testing/image040_31, no
testing/image040_32, no
training/image040_33, no
testing/image040_34, no
validation/image040_35, no
testing/image040_36, no
validation/image040_37, no
testing/image040_38, no
testing/image040_39, no
testing/image040_40, no
training/image040_41, no
testing/image041_0, no
testing/image041_1, yes
training/image041_2, no
validation/image041_3, yes
validation/image041_4, no
training/image041_5, no
testing/image041_6, no
validation/image041_7, no
training/image041_8, yes
testing/image041_9, yes
training/image041_10, no
validation/image041_11, no
validation/image041_12, no
training/image041_13, no
training/image041_14, no
testing/image041_15, yes
validation/image041_16, no
training/image041_17, no
testing/image041_18, no
training/image041_19, no
testing/image041_20, no
validation/image041_21, no
validation/image041_22, no
validation/image041_23, no
testing/image041_24, yes
training/image041_25, no
training/image041_26, no
testing/image041_27, no
validation/image041_28, no
testing/image041_29, no
testing/image041_30, no
testing/image041_31, no
testing/image041_32, no
training/image041_33, no
testing/image041_34, no
training/image041_35, no
training/image041_36, no
testing/image041_37, no
validation/image041_38, no
validation/image041_39, no
validation/image041_40, no
training/image041_41, no
training/image042_0, no
training/image042_1, no
validation/image042_2, no
validation/image042_3, no
testing/image042_4, no
validation/image042_5, no
validation/image042_6, no
testing/image042_7, no
training/image042_8, no
training/image042_9, no
testing/image042_10, no
testing/image042_11, no
testing/image042_12, no
testing/image042_13, no
training/image042_14, no
training/image042_15, no
training/image042_16, yes
validation/image042_17, no
testing/image042_18, no
validation/image042_19, no
training/image042_20, no
testing/image042_21, no
testing/image042_22, no
validation/image042_23, no
testing/image042_24, no
testing/image042_25, no
training/image042_26, no
validation/image042_27, no
training/image042_28, no
validation/image042_29, no
testing/image042_30, no
validation/image042_31, no
training/image042_32, no
training/image042_33, no
testing/image042_34, no
testing/image042_35, no
training/image042_36, no
training/image042_37, no
validation/image042_38, no
validation/image042_39, no
testing/image042_40, no
training/image042_41, no
testing/image043_0, no
testing/image043_1, no
testing/image043_2, yes
training/image043_3, no
training/image043_4, yes
testing/image043_5, no
testing/image043_6, no
training/image043_7, no
training/image043_8, no
testing/image043_9, no
validation/image043_10, no
validation/image043_11, no
testing/image043_12, no
validation/image043_13, no
training/image043_14, no
testing/image043_15, no
testing/image043_16, no
validation/image043_17, no
testing/image043_18, no
validation/image043_19, no
testing/image043_20, no
training/image043_21, no
validation/image043_22, no
training/image043_23, no
testing/image043_24, no
training/image043_25, no
testing/image043_26, no
validation/image043_27, no
validation/image043_28, no
training/image043_29, no
testing/image043_30, no
testing/image043_31, yes
validation/image043_32, no
validation/image043_33, no
testing/image043_34, no
validation/image043_35, no
validation/image043_36, no
validation/image043_37, no
training/image043_38, no
validation/image043_39, no
testing/image043_40, no
training/image043_41, no
testing/image044_0, no
training/image044_1, no
training/image044_2, no
testing/image044_3, no
training/image044_4, yes
validation/image044_5, no
training/image044_6, no
validation/image044_7, no
testing/image044_8, no
testing/image044_9, yes
validation/image044_10, no
training/image044_11, no
training/image044_12, no
validation/image044_13, no
training/image044_14, no
validation/image044_15, no
training/image044_16, no
testing/image044_17, no
testing/image044_18, no
testing/image044_19, no
training/image044_20, no
training/image044_21, no
validation/image044_22, no
training/image044_23, no
validation/image044_24, yes
validation/image044_25, no
testing/image044_26, no
validation/image044_27, no
validation/image044_28, no
testing/image044_29, no
testing/image044_30, no
testing/image044_31, no
training/image044_32, no
validation/image044_33, no
validation/image044_34, no
training/image044_35, no
testing/image044_36, no
validation/image044_37, no
validation/image044_38, no
testing/image044_39, no
testing/image044_40, no
validation/image044_41, no
training/image045_0, no
training/image045_1, no
training/image045_2, no
training/image045_3, no
testing/image045_4, no
training/image045_5, no
validation/image045_6, no
training/image045_7, no
testing/image045_8, no
testing/image045_9, yes
validation/image045_10, no
validation/image045_11, no
validation/image045_12, no
training/image045_13, no
validation/image045_14, no
training/image045_15, no
validation/image045_16, no
testing/image045_17, no
testing/image045_18, no
validation/image045_19, no
training/image045_20, no
training/image045_21, no
validation/image045_22, no
testing/image045_23, no
testing/image045_24, no
training/image045_25, no
validation/image045_26, no
training/image045_27, no
testing/image045_28, no
training/image045_29, no
training/image045_30, no
testing/image045_31, no
training/image045_32, no
training/image045_33, no
validation/image045_34, no
testing/image045_35, no
training/image045_36, no
testing/image045_37, no
training/image045_38, no
testing/image045_39, no
testing/image045_40, no
validation/image045_41, no
testing/image046_0, no
testing/image046_1, no
training/image046_2, no
training/image046_3, no
testing/image046_4, no
testing/image046_5, no
training/image046_6, no
testing/image046_7, no
training/image046_8, no
validation/image046_9, no
testing/image046_10, no
testing/image046_11, no
validation/image046_12, no
testing/image046_13, no
validation/image046_14, no
testing/image046_15, no
training/image046_16, no
validation/image046_17, no
validation/image046_18, no
validation/image046_19, no
testing/image046_20, no
validation/image046_21, no
training/image046_22, no
validation/image046_23, no
testing/image046_24, no
testing/image046_25, no
validation/image046_26, no
training/image046_27, no
validation/image046_28, no
training/image046_29, no
training/image046_30, no
testing/image046_31, no
validation/image046_32, no
testing/image046_33, no
training/image046_34, no
testing/image046_35, no
training/image046_36, no
validation/image046_37, no
validation/image046_38, no
testing/image046_39, no
validation/image046_40, no
validation/image046_41, no
training/image047_0, no
validation/image047_1, no
training/image047_2, no
testing/image047_3, no
validation/image047_4, no
training/image047_5, no
training/image047_6, no
validation/image047_7, no
training/image047_8, no
validation/image047_9, yes
testing/image047_10, no
training/image047_11, no
training/image047_12, no
training/image047_13, no
testing/image047_14, no
testing/image047_15, no
testing/image047_16, no
validation/image047_17, no
training/image047_18, no
training/image047_19, no
training/image047_20, no
training/image047_21, no
testing/image047_22, no
training/image047_23, no
validation/image047_24, no
training/image047_25, no
training/image047_26, no
validation/image047_27, no
training/image047_28, no
validation/image047_29, no
testing/image047_30, no
training/image047_31, no
validation/image047_32, no
validation/image047_33, no
validation/image047_34, no
training/image047_35, no
training/image047_36, no
training/image047_37, no
training/image047_38, no
validation/image047_39, no
testing/image047_40, no
testing/image047_41, no
training/image048_0, no
testing/image048_1, no
training/image048_2, no
validation/image048_3, no
testing/image048_4, no
validation/image048_5, no
testing/image048_6, no
validation/image048_7, no
validation/image048_8, no
testing/image048_9, no
validation/image048_10, no
training/image048_11, no
validation/image048_12, no
training/image048_13, no
training/image048_14, no
training/image048_15, no
validation/image048_16, no
training/image048_17, no
validation/image048_18, no
training/image048_19, no
training/image048_20, no
training/image048_21, no
validation/image048_22, no
testing/image048_23, no
validation/image048_24, no
testing/image048_25, no
validation/image048_26, no
training/image048_27, no
testing/image048_28, no
validation/image048_29, no
testing/image048_30, no
training/image048_31, no
validation/image048_32, no
testing/image048_33, yes
testing/image048_34, no
testing/image048_35, no
testing/image048_36, no
testing/image048_37, no
validation/image048_38, no
training/image048_39, no
training/image048_40, no
testing/image048_41, no
validation/image049_0, no
testing/image049_1, no
training/image049_2, no
testing/image049_3, no
testing/image049_4, no
training/image049_5, no
training/image049_6, no
training/image049_7, no
training/image049_8, no
validation/image049_9, no
training/image049_10, no
training/image049_11, no
testing/image049_12, no
validation/image049_13, no
testing/image049_14, no
validation/image049_15, no
training/image049_16, no
training/image049_17, no
validation/image049_18, no
testing/image049_19, no
training/image049_20, no
training/image049_21, no
testing/image049_22, no
testing/image049_23, no
training/image049_24, no
validation/image049_25, no
training/image049_26, no
testing/image049_27, no
testing/image049_28, no
testing/image049_29, no
testing/image049_30, no
training/image049_31, no
validation/image049_32, no
testing/image049_33, no
testing/image049_34, no
validation/image049_35, no
validation/image049_36, no
testing/image049_37, no
validation/image049_38, no
testing/image049_39, no
validation/image049_40, no
training/image049_41, no
testing/image050_0, no
testing/image050_1, no
training/image050_2, no
testing/image050_3, no
testing/image050_4, no
validation/image050_5, no
testing/image050_6, no
validation/image050_7, no
training/image050_8, no
training/image050_9, no
validation/image050_10, no
training/image050_11, no
testing/image050_12, no
testing/image050_13, no
testing/image050_14, no
training/image050_15, no
testing/image050_16, no
training/image050_17, no
validation/image050_18, no
testing/image050_19, no
testing/image050_20, no
training/image050_21, no
testing/image050_22, no
testing/image050_23, no
training/image050_24, no
validation/image050_25, no
validation/image050_26, no
training/image050_27, no
testing/image050_28, no
training/image050_29, no
validation/image050_30, no
testing/image050_31, no
testing/image050_32, no
training/image050_33, no
validation/image050_34, no
training/image050_35, no
training/image050_36, no
training/image050_37, no
training/image050_38, no
testing/image050_39, no
training/image050_40, no
testing/image050_41, no
validation/image051_0, no
testing/image051_1, no
validation/image051_2, no
testing/image051_3, no
validation/image051_4, no
validation/image051_5, no
training/image051_6, no
validation/image051_7, no
validation/image051_8, no
validation/image051_9, no
training/image051_10, no
testing/image051_11, no
testing/image051_12, no
testing/image051_13, no
validation/image051_14, no
validation/image051_15, no
training/image051_16, no
testing/image051_17, no
validation/image051_18, no
validation/image051_19, no
testing/image051_20, no
testing/image051_21, no
training/image051_22, no
training/image051_23, no
testing/image051_24, no
training/image051_25, no
testing/image051_26, no
validation/image051_27, no
validation/image051_28, no
testing/image051_29, no
testing/image051_30, no
training/image051_31, no
training/image051_32, no
training/image051_33, no
training/image051_34, no
testing/image051_35, no
testing/image051_36, no
validation/image051_37, no
training/image051_38, no
testing/image051_39, no
training/image051_40, no
training/image051_41, no
training/image052_0, no
testing/image052_1, yes
training/image052_2, yes
validation/image052_3, no
testing/image052_4, yes
validation/image052_5, no
testing/image052_6, no
testing/image052_7, no
validation/image052_8, no
training/image052_9, no
testing/image052_10, yes
testing/image052_11, yes
testing/image052_12, yes
testing/image052_13, no
validation/image052_14, no
testing/image052_15, no
validation/image052_16, no
validation/image052_17, no
validation/image052_18, no
validation/image052_19, no
validation/image052_20, no
training/image052_21, no
training/image052_22, no
training/image052_23, yes
validation/image052_24, no
training/image052_25, no
testing/image052_26, no
validation/image052_27, no
training/image052_28, no
validation/image052_29, no
validation/image052_30, no
validation/image052_31, yes
training/image052_32, no
testing/image052_33, no
testing/image052_34, no
testing/image052_35, no
testing/image052_36, no
testing/image052_37, no
validation/image052_38, yes
validation/image052_39, no
validation/image052_40, no
training/image052_41, no
testing/image053_0, no
testing/image053_1, no
validation/image053_2, yes
training/image053_3, yes
training/image053_4, yes
testing/image053_5, no
training/image053_6, no
testing/image053_7, no
training/image053_8, no
training/image053_9, no
testing/image053_10, yes
training/image053_11, no
training/image053_12, no
training/image053_13, no
training/image053_14, no
training/image053_15, no
testing/image053_16, yes
validation/image053_17, no
testing/image053_18, yes
testing/image053_19, no
validation/image053_20, no
training/image053_21, no
testing/image053_22, no
testing/image053_23, no
testing/image053_24, no
testing/image053_25, yes
validation/image053_26, no
training/image053_27, no
validation/image053_28, no
validation/image053_29, no
testing/image053_30, no
training/image053_31, yes
testing/image053_32, no
testing/image053_33, no
validation/image053_34, no
validation/image053_35, no
validation/image053_36, no
validation/image053_37, no
training/image053_38, no
training/image053_39, no
testing/image053_40, no
training/image053_41, no
training/image054_0, no
training/image054_1, yes
validation/image054_2, no
validation/image054_3, no
training/image054_4, yes
validation/image054_5, no
testing/image054_6, no
validation/image054_7, yes
validation/image054_8, no
training/image054_9, yes
validation/image054_10, no
training/image054_11, no
validation/image054_12, no
training/image054_13, no
validation/image054_14, no
testing/image054_15, no
validation/image054_16, no
training/image054_17, no
validation/image054_18, no
training/image054_19, no
training/image054_20, no
testing/image054_21, no
training/image054_22, no
testing/image054_23, yes
validation/image054_24, yes
validation/image054_25, yes
validation/image054_26, no
training/image054_27, no
training/image054_28, no
training/image054_29, yes
validation/image054_30, no
validation/image054_31, no
training/image054_32, no
training/image054_33, no
testing/image054_34, no
validation/image054_35, no
training/image054_36, no
validation/image054_37, no
validation/image054_38, no
validation/image054_39, no
validation/image054_40, no
testing/image054_41, no
training/image055_0, no
training/image055_1, yes
validation/image055_2, no
validation/image055_3, no
validation/image055_4, no
testing/image055_5, no
validation/image055_6, no
training/image055_7, no
testing/image055_8, no
training/image055_9, no
testing/image055_10, no
testing/image055_11, no
training/image055_12, yes
testing/image055_13, no
validation/image055_14, no
training/image055_15, yes
training/image055_16, no
testing/image055_17, yes
training/image055_18, no
testing/image055_19, no
training/image055_20, no
testing/image055_21, no
training/image055_22, no
testing/image055_23, no
training/image055_24, yes
training/image055_25, yes
testing/image055_26, yes
testing/image055_27, no
training/image055_28, no
validation/image055_29, no
validation/image055_30, no
training/image055_31, no
testing/image055_32, yes
training/image055_33, no
training/image055_34, no
validation/image055_35, no
validation/image055_36, no
testing/image055_37, no
training/image055_38, no
testing/image055_39, no
testing/image055_40, no
testing/image055_41, no
testing/image056_0, no
training/image056_1, no
training/image056_2, no
training/image056_3, no
validation/image056_4, no
validation/image056_5, no
validation/image056_6, no
training/image056_7, no
training/image056_8, no
validation/image056_9, no
testing/image056_10, no
testing/image056_11, no
testing/image056_12, no
validation/image056_13, no
training/image056_14, no
training/image056_15, no
validation/image056_16, no
training/image056_17, no
training/image056_18, no
training/image056_19, no
validation/image056_20, no
validation/image056_21, no
testing/image056_22, no
testing/image056_23, no
validation/image056_24, no
validation/image056_25, no
validation/image056_26, no
training/image056_27, no
training/image056_28, no
validation/image056_29, no
testing/image056_30, no
validation/image056_31, no
training/image056_32, no
training/image056_33, no
validation/image056_34, no
training/image056_35, no
validation/image056_36, no
validation/image056_37, no
training/image056_38, no
testing/image056_39, no
training/image056_40, no
training/image056_41, no
validation/image057_0, no
validation/image057_1, no
training/image057_2, no
validation/image057_3, no
testing/image057_4, no
validation/image057_5, no
testing/image057_6, no
training/image057_7, no
validation/image057_8, no
validation/image057_9, no
testing/image057_10, no
validation/image057_11, no
testing/image057_12, no
validation/image057_13, no
validation/image057_14, no
validation/image057_15, no
training/image057_16, no
testing/image057_17, no
validation/image057_18, no
validation/image057_19, no
testing/image057_20, no
testing/image057_21, no
validation/image057_22, no
validation/image057_23, no
training/image057_24, no
testing/image057_25, no
training/image057_26, no
training/image057_27, no
testing/image057_28, no
validation/image057_29, no
testing/image057_30, no
training/image057_31, no
testing/image057_32, no
testing/image057_33, no
validation/image057_34, no
testing/image057_35, no
validation/image057_36, no
training/image057_37, no
testing/image057_38, no
training/image057_39, no
testing/image057_40, no
testing/image057_41, no
training/image058_0, no
training/image058_1, no
testing/image058_2, no
testing/image058_3, no
validation/image058_4, no
testing/image058_5, no
testing/image058_6, no
validation/image058_7, no
training/image058_8, no
validation/image058_9, no
testing/image058_10, no
training/image058_11, no
training/image058_12, no
training/image058_13, no
testing/image058_14, no
training/image058_15, no
testing/image058_16, yes
training/image058_17, no
training/image058_18, no
validation/image058_19, no
validation/image058_20, no
validation/image058_21, no
training/image058_22, no
training/image058_23, no
testing/image058_24, no
validation/image058_25, no
testing/image058_26, no
validation/image058_27, no
validation/image058_28, no
validation/image058_29, no
testing/image058_30, no
training/image058_31, no
validation/image058_32, no
validation/image058_33, no
training/image058_34, no
training/image058_35, no
testing/image058_36, no
training/image058_37, no
testing/image058_38, no
training/image058_39, no
validation/image058_40, no
testing/image058_41, no
testing/image059_0, no
testing/image059_1, no
validation/image059_2, no
validation/image059_3, no
training/image059_4, no
training/image059_5, no
testing/image059_6, no
testing/image059_7, no
testing/image059_8, no
training/image059_9, no
testing/image059_10, no
testing/image059_11, no
testing/image059_12, no
training/image059_13, no
training/image059_14, no
validation/image059_15, no
validation/image059_16, no
training/image059_17, no
testing/image059_18, no
testing/image059_19, no
testing/image059_20, no
training/image059_21, no
testing/image059_22, no
training/image059_23, no
testing/image059_24, no
validation/image059_25, no
training/image059_26, no
validation/image059_27, no
testing/image059_28, no
training/image059_29, no
validation/image059_30, no
validation/image059_31, no
training/image059_32, no
testing/image059_33, no
validation/image059_34, no
testing/image059_35, no
training/image059_36, no
testing/image059_37, no
training/image059_38, no
testing/image059_39, no
validation/image059_40, no
training/image059_41, no
validation/image060_0, no
testing/image060_1, no
testing/image060_2, no
training/image060_3, no
training/image060_4, no
validation/image060_5, no
testing/image060_6, no
testing/image060_7, no
testing/image060_8, no
testing/image060_9, no
validation/image060_10, no
training/image060_11, no
training/image060_12, no
training/image060_13, no
training/image060_14, no
training/image060_15, no
validation/image060_16, no
training/image060_17, no
testing/image060_18, no
training/image060_19, no
testing/image060_20, no
validation/image060_21, no
training/image060_22, no
testing/image060_23, no
validation/image060_24, no
testing/image060_25, no
testing/image060_26, no
validation/image060_27, no
training/image060_28, no
training/image060_29, no
validation/image060_30, no
training/image060_31, no
testing/image060_32, no
training/image060_33, no
testing/image060_34, no
validation/image060_35, no
testing/image060_36, no
validation/image060_37, no
testing/image060_38, no
testing/image060_39, no
testing/image060_40, no
testing/image060_41, no
training/image061_0, no
testing/image061_1, no
validation/image061_2, no
training/image061_3, no
testing/image061_4, no
training/image061_5, no
validation/image061_6, no
training/image061_7, no
validation/image061_8, no
validation/image061_9, no
validation/image061_10, no
training/image061_11, no
validation/image061_12, no
training/image061_13, no
validation/image061_14, no
testing/image061_15, no
validation/image061_16, no
training/image061_17, no
testing/image061_18, no
training/image061_19, no
testing/image061_20, no
validation/image061_21, no
testing/image061_22, no
validation/image061_23, no
testing/image061_24, no
training/image061_25, no
testing/image061_26, no
testing/image061_27, no
testing/image061_28, no
testing/image061_29, no
validation/image061_30, no
testing/image061_31, no
validation/image061_32, no
training/image061_33, no
testing/image061_34, no
testing/image061_35, no
testing/image061_36, no
training/image061_37, no
training/image061_38, no
testing/image061_39, no
training/image061_40, no
training/image061_41, no
testing/image062_0, no
testing/image062_1, no
testing/image062_2, no
validation/image062_3, no
validation/image062_4, no
training/image062_5, no
training/image062_6, no
training/image062_7, no
testing/image062_8, no
training/image062_9, no
training/image062_10, no
training/image062_11, no
testing/image062_12, no
training/image062_13, no
training/image062_14, no
testing/image062_15, no
testing/image062_16, no
testing/image062_17, no
testing/image062_18, no
training/image062_19, no
validation/image062_20, no
testing/image062_21, no
validation/image062_22, no
training/image062_23, no
validation/image062_24, no
training/image062_25, no
validation/image062_26, no
testing/image062_27, no
training/image062_28, no
testing/image062_29, no
training/image062_30, no
testing/image062_31, no
training/image062_32, no
validation/image062_33, no
validation/image062_34, no
validation/image062_35, no
testing/image062_36, no
validation/image062_37, no
training/image062_38, no
testing/image062_39, no
training/image062_40, no
testing/image062_41, no
testing/image063_0, no
testing/image063_1, no
testing/image063_2, no
testing/image063_3, no
training/image063_4, no
validation/image063_5, yes
training/image063_6, no
validation/image063_7, no
testing/image063_8, no
testing/image063_9, no
testing/image063_10, no
training/image063_11, no
validation/image063_12, no
validation/image063_13, no
validation/image063_14, no
testing/image063_15, no
testing/image063_16, no
validation/image063_17, no
validation/image063_18, no
training/image063_19, no
testing/image063_20, no
testing/image063_21, no
validation/image063_22, no
training/image063_23, no
testing/image063_24, no
testing/image063_25, no
testing/image063_26, no
training/image063_27, no
testing/image063_28, no
testing/image063_29, no
testing/image063_30, no
validation/image063_31, yes
validation/image063_32, no
training/image063_33, no
validation/image063_34, no
validation/image063_35, no
testing/image063_36, no
validation/image063_37, no
testing/image063_38, no
testing/image063_39, no
validation/image063_40, no
training/image063_41, no
validation/image064_0, no
training/image064_1, no
validation/image064_2, yes
training/image064_3, yes
testing/image064_4, yes
validation/image064_5, no
testing/image064_6, no
training/image064_7, no
testing/image064_8, yes
training/image064_9, yes
testing/image064_10, yes
testing/image064_11, yes
validation/image064_12, no
testing/image064_13, no
training/image064_14, no
training/image064_15, yes
validation/image064_16, yes
testing/image064_17, yes
testing/image064_18, yes
validation/image064_19, no
testing/image064_20, no
validation/image064_21, no
training/image064_22, no
training/image064_23, yes
validation/image064_24, yes
training/image064_25, yes
testing/image064_26, no
training/image064_27, no
validation/image064_28, no
testing/image064_29, no
testing/image064_30, no
testing/image064_31, no
testing/image064_32, no
training/image064_33, no
testing/image064_34, no
testing/image064_35, no
testing/image064_36, no
testing/image064_37, no
training/image064_38, no
training/image064_39, no
validation/image064_40, no
validation/image064_41, no
training/image065_0, no
training/image065_1, no
testing/image065_2, yes
testing/image065_3, no
testing/image065_4, no
validation/image065_5, no
validation/image065_6, no
testing/image065_7, no
testing/image065_8, no
training/image065_9, yes
training/image065_10, yes
validation/image065_11, no
training/image065_12, no
testing/image065_13, no
training/image065_14, no
validation/image065_15, no
testing/image065_16, yes
validation/image065_17, yes
validation/image065_18, yes
testing/image065_19, no
training/image065_20, no
validation/image065_21, no
training/image065_22, yes
validation/image065_23, yes
testing/image065_24, yes
validation/image065_25, yes
training/image065_26, no
training/image065_27, no
testing/image065_28, no
validation/image065_29, no
validation/image065_30, yes
training/image065_31, yes
training/image065_32, yes
training/image065_33, no
validation/image065_34, no
validation/image065_35, no
validation/image065_36, no
testing/image065_37, no
testing/image065_38, no
training/image065_39, no
validation/image065_40, no
validation/image065_41, no
testing/image066_0, no
validation/image066_1, yes
training/image066_2, yes
validation/image066_3, no
training/image066_4, yes
validation/image066_5, yes
testing/image066_6, no
validation/image066_7, no
testing/image066_8, yes
validation/image066_9, yes
testing/image066_10, no
validation/image066_11, yes
testing/image066_12, yes
testing/image066_13, no
testing/image066_14, no
training/image066_15, yes
validation/image066_16, yes
validation/image066_17, yes
testing/image066_18, yes
testing/image066_19, no
testing/image066_20, yes
validation/image066_21, no
training/image066_22, yes
training/image066_23, yes
testing/image066_24, no
testing/image066_25, yes
validation/image066_26, yes
training/image066_27, no
training/image066_28, no
testing/image066_29, no
testing/image066_30, yes
training/image066_31, yes
validation/image066_32, yes
training/image066_33, yes
training/image066_34, no
testing/image066_35, no
training/image066_36, no
training/image066_37, no
training/image066_38, no
validation/image066_39, no
training/image066_40, no
validation/image066_41, no
training/image067_0, no
training/image067_1, no
testing/image067_2, no
testing/image067_3, yes
testing/image067_4, yes
validation/image067_5, yes
testing/image067_6, no
validation/image067_7, no
validation/image067_8, no
validation/image067_9, yes
training/image067_10, yes
testing/image067_11, yes
testing/image067_12, no
validation/image067_13, yes
validation/image067_14, no
testing/image067_15, no
testing/image067_16, yes
validation/image067_17, yes
validation/image067_18, yes
training/image067_19, yes
training/image067_20, no
testing/image067_21, no
validation/image067_22, yes
training/image067_23, yes
testing/image067_24, yes
testing/image067_25, yes
training/image067_26, yes
testing/image067_27, no
training/image067_28, no
testing/image067_29, yes
training/image067_30, yes
validation/image067_31, no
validation/image067_32, yes
testing/image067_33, no
testing/image067_34, no
validation/image067_35, no
testing/image067_36, no
validation/image067_37, no
testing/image067_38, no
validation/image067_39, no
validation/image067_40, no
testing/image067_41, no
testing/image068_0, no
validation/image068_1, no
training/image068_2, no
training/image068_3, no
validation/image068_4, no
training/image068_5, no
validation/image068_6, no
training/image068_7, no
testing/image068_8, no
training/image068_9, no
testing/image068_10, no
validation/image068_11, no
testing/image068_12, no
validation/image068_13, no
validation/image068_14, no
testing/image068_15, no
validation/image068_16, no
training/image068_17, no
training/image068_18, no
validation/image068_19, no
validation/image068_20, no
training/image068_21, no
testing/image068_22, no
training/image068_23, no
testing/image068_24, no
testing/image068_25, no
testing/image068_26, no
validation/image068_27, no
training/image068_28, no
training/image068_29, no
testing/image068_30, no
validation/image068_31, no
validation/image068_32, no
validation/image068_33, no
validation/image068_34, no
training/image068_35, no
validation/image068_36, no
training/image068_37, no
testing/image068_38, no
training/image068_39, no
training/image068_40, no
training/image068_41, no
testing/image069_0, no
validation/image069_1, no
validation/image069_2, no
training/image069_3, no
testing/image069_4, no
training/image069_5, no
training/image069_6, no
testing/image069_7, no
training/image069_8, no
training/image069_9, no
validation/image069_10, no
validation/image069_11, no
training/image069_12, no
validation/image069_13, no
training/image069_14, no
training/image069_15, no
training/image069_16, no
validation/image069_17, no
training/image069_18, no
training/image069_19, no
validation/image069_20, no
validation/image069_21, no
training/image069_22, no
validation/image069_23, yes
training/image069_24, no
testing/image069_25, no
validation/image069_26, no
validation/image069_27, no
validation/image069_28, no
training/image069_29, no
validation/image069_30, no
validation/image069_31, no
validation/image069_32, no
training/image069_33, no
validation/image069_34, no
testing/image069_35, no
training/image069_36, no
testing/image069_37, no
validation/image069_38, no
validation/image069_39, no
training/image069_40, no
validation/image069_41, no
validation/image070_0, no
training/image070_1, no
training/image070_2, no
training/image070_3, no
validation/image070_4, no
validation/image070_5, no
testing/image070_6, no
training/image070_7, no
validation/image070_8, no
training/image070_9, no
testing/image070_10, no
validation/image070_11, no
testing/image070_12, no
testing/image070_13, no
training/image070_14, no
testing/image070_15, no
testing/image070_16, no
testing/image070_17, no
testing/image070_18, no
validation/image070_19, no
validation/image070_20, no
testing/image070_21, no
testing/image070_22, no
validation/image070_23, no
training/image070_24, no
training/image070_25, no
testing/image070_26, no
validation/image070_27, no
testing/image070_28, no
training/image070_29, no
testing/image070_30, no
validation/image070_31, no
testing/image070_32, no
training/image070_33, no
validation/image070_34, no
training/image070_35, no
training/image070_36, no
training/image070_37, no
testing/image070_38, no
validation/image070_39, no
training/image070_40, no
testing/image070_41, no
testing/image071_0, no
testing/image071_1, no
testing/image071_2, no
validation/image071_3, no
testing/image071_4, no
validation/image071_5, no
training/image071_6, no
testing/image071_7, no
training/image071_8, no
training/image071_9, no
training/image071_10, no
training/image071_11, no
testing/image071_12, no
validation/image071_13, no
validation/image071_14, no
testing/image071_15, no
training/image071_16, no
training/image071_17, no
testing/image071_18, no
testing/image071_19, no
training/image071_20, no
training/image071_21, no
training/image071_22, no
testing/image071_23, no
validation/image071_24, no
validation/image071_25, no
testing/image071_26, no
testing/image071_27, no
validation/image071_28, no
training/image071_29, no
validation/image071_30, no
training/image071_31, no
training/image071_32, no
validation/image071_33, no
training/image071_34, no
training/image071_35, no
validation/image071_36, no
validation/image071_37, no
training/image071_38, no
training/image071_39, no
testing/image071_40, no
training/image071_41, no
validation/image072_0, no
testing/image072_1, no
testing/image072_2, no
validation/image072_3, no
testing/image072_4, no
validation/image072_5, no
testing/image072_6, no
testing/image072_7, no
training/image072_8, no
validation/image072_9, no
validation/image072_10, no
testing/image072_11, no
validation/image072_12, no
validation/image072_13, no
training/image072_14, no
training/image072_15, no
validation/image072_16, no
training/image072_17, no
testing/image072_18, no
testing/image072_19, no
testing/image072_20, no
validation/image072_21, no
validation/image072_22, no
training/image072_23, no
testing/image072_24, no
training/image072_25, no
validation/image072_26, no
validation/image072_27, no
testing/image072_28, no
training/image072_29, no
validation/image072_30, no
testing/image072_31, no
training/image072_32, no
training/image072_33, no
testing/image072_34, no
testing/image072_35, no
validation/image072_36, no
training/image072_37, no
validation/image072_38, no
validation/image072_39, no
validation/image072_40, no
testing/image072_41, no
testing/image073_0, no
training/image073_1, no
testing/image073_2, no
validation/image073_3, no
validation/image073_4, no
training/image073_5, no
training/image073_6, no
training/image073_7, no
training/image073_8, no
testing/image073_9, no
validation/image073_10, no
testing/image073_11, no
validation/image073_12, no
testing/image073_13, no
validation/image073_14, no
testing/image073_15, no
testing/image073_16, no
testing/image073_17, no
validation/image073_18, no
training/image073_19, no
training/image073_20, no
testing/image073_21, no
validation/image073_22, no
training/image073_23, no
validation/image073_24, no
validation/image073_25, no
validation/image073_26, no
training/image073_27, no
training/image073_28, no
testing/image073_29, no
training/image073_30, no
training/image073_31, no
testing/image073_32, no
validation/image073_33, no
testing/image073_34, no
validation/image073_35, no
training/image073_36, no
training/image073_37, no
training/image073_38, no
testing/image073_39, no
testing/image073_40, no
testing/image073_41, no
training/image074_0, no
testing/image074_1, no
validation/image074_2, no
testing/image074_3, no
testing/image074_4, no
validation/image074_5, no
testing/image074_6, no
training/image074_7, no
testing/image074_8, no
testing/image074_9, no
validation/image074_10, no
training/image074_11, no
validation/image074_12, no
testing/image074_13, no
training/image074_14, no
testing/image074_15, no
testing/image074_16, no
training/image074_17, no
training/image074_18, no
testing/image074_19, no
testing/image074_20, no
testing/image074_21, no
testing/image074_22, no
training/image074_23, no
training/image074_24, no
testing/image074_25, no
testing/image074_26, no
training/image074_27, no
validation/image074_28, no
validation/image074_29, no
validation/image074_30, no
validation/image074_31, no
validation/image074_32, no
validation/image074_33, no
validation/image074_34, no
training/image074_35, no
training/image074_36, no
validation/image074_37, no
training/image074_38, no
testing/image074_39, no
training/image074_40, no
training/image074_41, no
validation/image075_0, no
training/image075_1, no
testing/image075_2, no
training/image075_3, no
training/image075_4, no
testing/image075_5, no
validation/image075_6, no
validation/image075_7, no
validation/image075_8, no
testing/image075_9, no
testing/image075_10, no
testing/image075_11, no
training/image075_12, no
training/image075_13, no
training/image075_14, no
testing/image075_15, no
testing/image075_16, no
training/image075_17, no
testing/image075_18, no
validation/image075_19, no
training/image075_20, no
training/image075_21, no
training/image075_22, no
testing/image075_23, no
testing/image075_24, no
validation/image075_25, no
validation/image075_26, no
testing/image075_27, no
testing/image075_28, no
testing/image075_29, no
training/image075_30, no
testing/image075_31, no
training/image075_32, no
validation/image075_33, no
training/image075_34, no
testing/image075_35, no
validation/image075_36, no
training/image075_37, no
training/image075_38, no
training/image075_39, no
training/image075_40, no
training/image075_41, no
training/image076_0, no
validation/image076_1, no
validation/image076_2, no
training/image076_3, no
training/image076_4, no
training/image076_5, no
training/image076_6, no
testing/image076_7, no
training/image076_8, no
training/image076_9, no
validation/image076_10, no
training/image076_11, no
training/image076_12, no
training/image076_13, no
testing/image076_14, no
testing/image076_15, no
training/image076_16, no
validation/image076_17, no
training/image076_18, no
validation/image076_19, no
training/image076_20, no
testing/image076_21, no
training/image076_22, no
testing/image076_23, no
training/image076_24, no
training/image076_25, no
validation/image076_26, no
testing/image076_27, no
training/image076_28, no
training/image076_29, no
validation/image076_30, no
testing/image076_31, no
training/image076_32, no
training/image076_33, no
validation/image076_34, no
validation/image076_35, no
testing/image076_36, no
training/image076_37, no
training/image076_38, no
testing/image076_39, no
validation/image076_40, no
validation/image076_41, no
validation/image077_0, no
validation/image077_1, no
testing/image077_2, no
validation/image077_3, no
validation/image077_4, no
testing/image077_5, no
training/image077_6, no
training/image077_7, no
validation/image077_8, no
testing/image077_9, no
validation/image077_10, no
validation/image077_11, no
testing/image077_12, no
validation/image077_13, no
validation/image077_14, no
training/image077_15, no
testing/image077_16, no
training/image077_17, no
testing/image077_18, no
testing/image077_19, no
testing/image077_20, no
validation/image077_21, no
training/image077_22, no
testing/image077_23, no
validation/image077_24, no
validation/image077_25, no
testing/image077_26, no
validation/image077_27, no
validation/image077_28, no
testing/image077_29, no
training/image077_30, no
training/image077_31, no
training/image077_32, no
validation/image077_33, no
validation/image077_34, no
testing/image077_35, no
testing/image077_36, no
training/image077_37, no
validation/image077_38, no
training/image077_39, no
validation/image077_40, no
training/image077_41, no
validation/image078_0, no
validation/image078_1, no
training/image078_2, yes
testing/image078_3, no
training/image078_4, no
validation/image078_5, no
testing/image078_6, no
training/image078_7, no
testing/image078_8, no
training/image078_9, no
validation/image078_10, yes
validation/image078_11, no
validation/image078_12, no
testing/image078_13, no
validation/image078_14, no
testing/image078_15, no
testing/image078_16, no
testing/image078_17, no
training/image078_18, no
training/image078_19, no
validation/image078_20, no
training/image078_21, no
training/image078_22, no
training/image078_23, no
validation/image078_24, no
validation/image078_25, no
validation/image078_26, no
testing/image078_27, no
validation/image078_28, no
testing/image078_29, no
training/image078_30, no
testing/image078_31, no
validation/image078_32, no
testing/image078_33, no
validation/image078_34, no
testing/image078_35, no
training/image078_36, no
testing/image078_37, no
training/image078_38, no
validation/image078_39, no
validation/image078_40, no
testing/image078_41, no
training/image079_0, no
validation/image079_1, no
testing/image079_2, no
testing/image079_3, no
testing/image079_4, no
validation/image079_5, no
validation/image079_6, no
validation/image079_7, no
testing/image079_8, no
testing/image079_9, no
validation/image079_10, no
validation/image079_11, no
testing/image079_12, no
validation/image079_13, no
validation/image079_14, no
training/image079_15, no
testing/image079_16, no
validation/image079_17, no
validation/image079_18, no
testing/image079_19, no
testing/image079_20, no
testing/image079_21, no
training/image079_22, no
validation/image079_23, no
testing/image079_24, no
testing/image079_25, no
training/image079_26, no
testing/image079_27, no
testing/image079_28, no
validation/image079_29, no
testing/image079_30, no
testing/image079_31, no
validation/image079_32, no
training/image079_33, no
training/image079_34, no
training/image079_35, no
training/image079_36, no
training/image079_37, no
training/image079_38, no
testing/image079_39, no
training/image079_40, no
validation/image079_41, no
training/image080_0, no
validation/image080_1, no
validation/image080_2, no
testing/image080_3, no
training/image080_4, no
testing/image080_5, no
testing/image080_6, no
training/image080_7, no
validation/image080_8, no
validation/image080_9, no
validation/image080_10, no
validation/image080_11, no
testing/image080_12, no
testing/image080_13, no
training/image080_14, no
testing/image080_15, no
validation/image080_16, no
training/image080_17, no
validation/image080_18, no
validation/image080_19, no
testing/image080_20, no
training/image080_21, no
training/image080_22, no
testing/image080_23, no
training/image080_24, no
validation/image080_25, no
testing/image080_26, no
training/image080_27, no
training/image080_28, no
training/image080_29, no
testing/image080_30, no
testing/image080_31, no
testing/image080_32, no
training/image080_33, no
testing/image080_34, no
validation/image080_35, no
training/image080_36, no
testing/image080_37, no
training/image080_38, no
testing/image080_39, no
training/image080_40, no
training/image080_41, no
validation/image081_0, no
training/image081_1, no
testing/image081_2, no
training/image081_3, no
validation/image081_4, no
validation/image081_5, no
testing/image081_6, no
validation/image081_7, no
validation/image081_8, no
training/image081_9, no
testing/image081_10, no
validation/image081_11, no
training/image081_12, no
training/image081_13, no
testing/image081_14, no
training/image081_15, no
testing/image081_16, no
training/image081_17, no
validation/image081_18, no
validation/image081_19, no
validation/image081_20, no
training/image081_21, no
testing/image081_22, no
testing/image081_23, no
training/image081_24, no
testing/image081_25, no
training/image081_26, no
testing/image081_27, no
training/image081_28, no
testing/image081_29, no
testing/image081_30, no
training/image081_31, no
validation/image081_32, no
training/image081_33, no
testing/image081_34, no
training/image081_35, no
validation/image081_36, no
training/image081_37, no
testing/image081_38, no
training/image081_39, no
validation/image081_40, no
testing/image081_41, no
testing/image082_0, no
testing/image082_1, no
testing/image082_2, no
testing/image082_3, no
testing/image082_4, no
validation/image082_5, no
testing/image082_6, no
validation/image082_7, no
training/image082_8, no
testing/image082_9, no
validation/image082_10, no
testing/image082_11, no
testing/image082_12, no
testing/image082_13, no
training/image082_14, no
validation/image082_15, no
testing/image082_16, no
testing/image082_17, no
training/image082_18, no
training/image082_19, no
testing/image082_20, no
testing/image082_21, no
validation/image082_22, no
training/image082_23, no
training/image082_24, no
testing/image082_25, no
training/image082_26, no
validation/image082_27, no
validation/image082_28, no
validation/image082_29, no
testing/image082_30, no
training/image082_31, no
training/image082_32, no
training/image082_33, no
training/image082_34, no
validation/image082_35, no
testing/image082_36, no
testing/image082_37, no
testing/image082_38, no
validation/image082_39, no
validation/image082_40, no
validation/image082_41, no
training/image083_0, no
validation/image083_1, no
training/image083_2, no
testing/image083_3, no
training/image083_4, no
testing/image083_5, no
testing/image083_6, no
testing/image083_7, no
training/image083_8, no
testing/image083_9, no
testing/image083_10, no
validation/image083_11, no
training/image083_12, no
testing/image083_13, no
training/image083_14, no
testing/image083_15, no
training/image083_16, no
validation/image083_17, no
training/image083_18, no
testing/image083_19, no
validation/image083_20, no
testing/image083_21, no
testing/image083_22, no
validation/image083_23, no
validation/image083_24, no
validation/image083_25, no
testing/image083_26, no
training/image083_27, no
testing/image083_28, no
validation/image083_29, no
validation/image083_30, no
validation/image083_31, no
validation/image083_32, no
validation/image083_33, no
validation/image083_34, no
testing/image083_35, no
testing/image083_36, no
testing/image083_37, no
testing/image083_38, no
validation/image083_39, no
validation/image083_40, no
training/image083_41, no
validation/image084_0, no
training/image084_1, no
testing/image084_2, no
training/image084_3, no
validation/image084_4, no
validation/image084_5, no
training/image084_6, no
testing/image084_7, no
validation/image084_8, yes
validation/image084_9, no
testing/image084_10, no
testing/image084_11, no
validation/image084_12, no
training/image084_13, no
validation/image084_14, yes
training/image084_15, yes
training/image084_16, yes
training/image084_17, yes
testing/image084_18, no
testing/image084_19, no
testing/image084_20, no
testing/image084_21, yes
testing/image084_22, yes
training/image084_23, yes
validation/image084_24, no
validation/image084_25, yes
validation/image084_26, no
testing/image084_27, no
validation/image084_28, no
training/image084_29, no
validation/image084_30, no
training/image084_31, no
testing/image084_32, no
training/image084_33, no
training/image084_34, no
validation/image084_35, no
training/image084_36, no
training/image084_37, no
validation/image084_38, no
training/image084_39, no
training/image084_40, no
training/image084_41, no
testing/image085_0, no
testing/image085_1, no
training/image085_2, no
training/image085_3, yes
training/image085_4, no
testing/image085_5, no
validation/image085_6, no
training/image085_7, no
validation/image085_8, no
training/image085_9, yes
validation/image085_10, yes
testing/image085_11, yes
validation/image085_12, no
validation/image085_13, no
training/image085_14, no
validation/image085_15, no
validation/image085_16, no
testing/image085_17, yes
training/image085_18, yes
training/image085_19, no
training/image085_20, no
testing/image085_21, no
testing/image085_22, no
testing/image085_23, no
training/image085_24, no
validation/image085_25, yes
validation/image085_26, yes
testing/image085_27, no
validation/image085_28, yes
validation/image085_29, no
testing/image085_30, no
testing/image085_31, no
validation/image085_32, no
training/image085_33, no
validation/image085_34, no
validation/image085_35, no
testing/image085_36, no
training/image085_37, no
testing/image085_38, no
validation/image085_39, no
validation/image085_40, no
validation/image085_41, no
testing/image086_0, no
testing/image086_1, no
testing/image086_2, no
validation/image086_3, no
training/image086_4, no
validation/image086_5, no
validation/image086_6, no
training/image086_7, no
validation/image086_8, no
training/image086_9, no
validation/image086_10, no
training/image086_11, no
training/image086_12, no
validation/image086_13, no
testing/image086_14, no
testing/image086_15, no
testing/image086_16, no
testing/image086_17, no
training/image086_18, yes
training/image086_19, no
training/image086_20, no
training/image086_21, no
testing/image086_22, no
testing/image086_23, no
validation/image086_24, yes
testing/image086_25, no
testing/image086_26, no
validation/image086_27, no
validation/image086_28, no
testing/image086_29, no
validation/image086_30, no
validation/image086_31, yes
training/image086_32, yes
validation/image086_33, no
testing/image086_34, no
training/image086_35, no
testing/image086_36, no
validation/image086_37, no
validation/image086_38, no
validation/image086_39, no
training/image086_40, no
validation/image086_41, no
validation/image087_0, no
testing/image087_1, no
validation/image087_2, no
training/image087_3, no
testing/image087_4, no
validation/image087_5, no
training/image087_6, no
training/image087_7, no
validation/image087_8, no
testing/image087_9, no
testing/image087_10, no
training/image087_11, no
validation/image087_12, no
training/image087_13, no
validation/image087_14, no
testing/image087_15, no
training/image087_16, no
validation/image087_17, no
validation/image087_18, no
validation/image087_19, no
training/image087_20, no
training/image087_21, no
testing/image087_22, no
testing/image087_23, no
validation/image087_24, no
testing/image087_25, no
validation/image087_26, no
testing/image087_27, no
training/image087_28, no
validation/image087_29, no
validation/image087_30, no
validation/image087_31, no
testing/image087_32, no
training/image087_33, no
validation/image087_34, no
validation/image087_35, no
training/image087_36, no
training/image087_37, no
validation/image087_38, no
testing/image087_39, no
training/image087_40, no
testing/image087_41, no
training/image088_0, no
testing/image088_1, no
training/image088_2, no
validation/image088_3, no
training/image088_4, no
training/image088_5, no
training/image088_6, no
testing/image088_7, no
testing/image088_8, no
validation/image088_9, no
validation/image088_10, no
training/image088_11, no
training/image088_12, no
testing/image088_13, no
training/image088_14, no
training/image088_15, no
testing/image088_16, no
validation/image088_17, no
testing/image088_18, no
testing/image088_19, no
training/image088_20, no
training/image088_21, no
testing/image088_22, no
training/image088_23, no
validation/image088_24, no
testing/image088_25, no
testing/image088_26, no
testing/image088_27, no
validation/image088_28, no
testing/image088_29, no
training/image088_30, no
testing/image088_31, no
validation/image088_32, no
testing/image088_33, no
testing/image088_34, no
validation/image088_35, no
training/image088_36, no
validation/image088_37, no
testing/image088_38, no
validation/image088_39, no
testing/image088_40, no
training/image088_41, no
testing/image089_0, no
training/image089_1, no
testing/image089_2, no
training/image089_3, no
validation/image089_4, no
testing/image089_5, no
training/image089_6, no
training/image089_7, no
training/image089_8, no
training/image089_9, no
training/image089_10, no
validation/image089_11, no
validation/image089_12, no
validation/image089_13, no
training/image089_14, no
training/image089_15, no
testing/image089_16, no
training/image089_17, no
testing/image089_18, no
validation/image089_19, no
validation/image089_20, no
training/image089_21, no
training/image089_22, no
validation/image089_23, no
testing/image089_24, no
training/image089_25, no
testing/image089_26, no
validation/image089_27, no
training/image089_28, no
validation/image089_29, no
training/image089_30, no
validation/image089_31, no
validation/image089_32, no
validation/image089_33, no
training/image089_34, no
validation/image089_35, no
training/image089_36, no
validation/image089_37, no
training/image089_38, no
training/image089_39, no
testing/image089_40, no
testing/image089_41, no
